"rowKey","type","name","owner","qualifiedName","createTime"
"hdfs_path|/data/archive/cold/2024","hdfs_path","/data/archive/cold/2024","archive-ops","/data/archive/cold/2024","2026-01-05T11:10:00Z"
"hdfs_path|/data/archive/warm/orders","hdfs_path","/data/archive/warm/orders","archive-ops","/data/archive/warm/orders","2026-02-12T09:00:00Z"
"hdfs_path|/data/finance/transactions","hdfs_path","/data/finance/transactions","finance-team","/data/finance/transactions","2026-02-20T15:40:00Z"
"hdfs_path|/data/raw/events","hdfs_path","/data/raw/events","ingestion","/data/raw/events","2026-02-04T08:00:00Z"
"hdfs_path|/data/warehouse/analytics.db/sales","hdfs_path","/data/warehouse/analytics.db/sales","data-platform","/data/warehouse/analytics.db/sales","2026-01-15T08:45:00Z"
"hive_database|analytics","hive_database","analytics","data-platform","analytics","2025-12-20T10:00:00Z"
"hive_database|archive","hive_database","archive","archive-ops","archive","2025-12-18T10:00:00Z"
"hive_database|finance","hive_database","finance","finance-team","finance","2025-12-21T10:00:00Z"
"hive_database|raw","hive_database","raw","ingestion","raw","2025-12-19T10:00:00Z"
"hive_table|analytics.customers","hive_table","analytics.customers","alice","analytics.customers","2026-02-01T10:15:00Z"
"hive_table|analytics.sales","hive_table","analytics.sales","data-platform","analytics.sales","2026-01-15T09:00:00Z"
"hive_table|finance.transactions","hive_table","finance.transactions","finance-team","finance.transactions","2026-02-20T16:00:00Z"
"hive_table|prod.orders","hive_table","prod.orders","bob","prod.orders","2026-02-11T14:30:00Z"
"hive_table|raw.events","hive_table","raw.events","ingestion","raw.events","2026-02-04T08:20:00Z"
